Date,Name,Year,Letterboxd URI
2025-01-20,Barbie,2023,https://boxd.it/bCLK
2025-01-20,Fight Club,1999,https://boxd.it/2a9q
2025-01-20,Interstellar,2014,https://boxd.it/4VZ8
2025-01-20,Everything Everywhere All at Once,2022,https://boxd.it/jUk4
2025-01-20,Oppenheimer,2023,https://boxd.it/wUow
2025-01-20,Whiplash,2014,https://boxd.it/7bQA
2025-01-20,Pulp Fiction,1994,https://boxd.it/29Pq
2025-01-20,Dune,2021,https://boxd.it/fA7G
2025-01-20,Get Out,2017,https://boxd.it/eOCm
2025-01-20,Spider-Man: Into the Spider-Verse,2018,https://boxd.it/azpY
2025-01-20,The Batman,2022,https://boxd.it/eDGs
2025-01-20,The Truman Show,1998,https://boxd.it/18U8
2025-01-20,Knives Out,2019,https://boxd.it/jWEA
2025-01-20,The Dark Knight,2008,https://boxd.it/2b0k
2025-01-20,Inception,2010,https://boxd.it/1skk
2025-01-20,Dune: Part Two,2024,https://boxd.it/pUfA
2025-01-20,The Wolf of Wall Street,2013,https://boxd.it/3C1m
2025-01-20,Spirited Away,2001,https://boxd.it/2b4m
2025-01-20,The Grand Budapest Hotel,2014,https://boxd.it/3ZqO
2025-01-20,The Shining,1980,https://boxd.it/29Nu
2025-01-20,Spider-Man: No Way Home,2021,https://boxd.it/nwRw
2025-01-20,10 Things I Hate About You,1999,https://boxd.it/23AO
2025-01-20,Forrest Gump,1994,https://boxd.it/728
2025-01-20,Se7en,1995,https://boxd.it/29zs
2025-01-20,Inglourious Basterds,2009,https://boxd.it/1JzG
2025-01-20,The Silence of the Lambs,1991,https://boxd.it/2aHW
2025-01-20,Kill Bill: Vol. 1,2003,https://boxd.it/70w
2025-01-20,The Godfather,1972,https://boxd.it/2aNK
2025-01-20,Shutter Island,2010,https://boxd.it/1U82
2025-01-20,Ratatouille,2007,https://boxd.it/27ww
2025-01-20,Avengers: Infinity War,2018,https://boxd.it/9vEe
2025-01-20,Django Unchained,2012,https://boxd.it/2cCk
2025-01-20,Fantastic Mr. Fox,2009,https://boxd.it/1WyQ
2025-01-20,Avengers: Endgame,2019,https://boxd.it/9vE4
2025-01-20,Deadpool & Wolverine,2024,https://boxd.it/jq8s
2025-01-20,The Perks of Being a Wallflower,2012,https://boxd.it/2ZA8
2025-01-20,Glass Onion,2022,https://boxd.it/oCkK
2025-01-20,(500) Days of Summer,2009,https://boxd.it/1EmM
2025-01-20,Good Will Hunting,1997,https://boxd.it/2ahY
2025-01-20,The Social Network,2010,https://boxd.it/17ue
2025-01-20,The Matrix,1999,https://boxd.it/2a1m
2025-01-20,Scott Pilgrim vs. the World,2010,https://boxd.it/1Aq6
2025-01-20,Nope,2022,https://boxd.it/sDCe
2025-01-20,The Lord of the Rings: The Fellowship of the Ring,2001,https://boxd.it/2b5O
2025-01-20,The Shawshank Redemption,1994,https://boxd.it/2aHi
2025-01-20,Blade Runner 2049,2017,https://boxd.it/b8wK
2025-01-20,Guardians of the Galaxy,2014,https://boxd.it/3VH2
2025-01-20,Donnie Darko,2001,https://boxd.it/2b2A
2025-01-20,Jojo Rabbit,2019,https://boxd.it/iEBG
2025-01-20,Mean Girls,2004,https://boxd.it/1VNg
2025-01-20,Coco,2017,https://boxd.it/bYJQ
2025-01-20,Coraline,2009,https://boxd.it/1NhQ
2025-01-20,Deadpool,2016,https://boxd.it/9fOC
2025-01-20,Black Panther,2018,https://boxd.it/8MHs
2025-01-20,Harry Potter and the Prisoner of Azkaban,2004,https://boxd.it/29Qy
2025-01-20,Up,2009,https://boxd.it/1OEc
2025-01-20,Howl's Moving Castle,2004,https://boxd.it/23De
2025-01-20,Little Miss Sunshine,2006,https://boxd.it/29EW
2025-01-20,Mad Max: Fury Road,2015,https://boxd.it/2DjO
2025-01-20,The Hunger Games,2012,https://boxd.it/2uds
2025-01-20,Back to the Future,1985,https://boxd.it/2b8e
2025-01-20,Don't Look Up,2021,https://boxd.it/o0Hc
2025-01-20,Star Wars,1977,https://boxd.it/72s
2025-01-20,WALL·E,2008,https://boxd.it/1VEo
2025-01-20,Soul,2020,https://boxd.it/ioLA
2025-01-20,The Devil Wears Prada,2006,https://boxd.it/2awE
2025-01-20,Spider-Man: Homecoming,2017,https://boxd.it/aboM
2025-01-20,Avatar: The Way of Water,2022,https://boxd.it/2E2E
2025-01-20,Guardians of the Galaxy Vol. 3,2023,https://boxd.it/fVNI
2025-01-20,Top Gun: Maverick,2022,https://boxd.it/cjr4
2025-01-20,Bullet Train,2022,https://boxd.it/qW26
2025-01-20,Alien,1979,https://boxd.it/2awY
2025-01-20,Home Alone,1990,https://boxd.it/29Fg
2025-01-20,Avatar,2009,https://boxd.it/1Efm
2025-01-20,2001: A Space Odyssey,1968,https://boxd.it/2bf0
2025-01-20,Memento,2000,https://boxd.it/2bcK
2025-01-20,Shrek,2001,https://boxd.it/29zi
2025-01-20,It,2017,https://boxd.it/bC8e
2025-01-20,The Avengers,2012,https://boxd.it/1xFW
2025-01-20,Thor: Ragnarok,2017,https://boxd.it/8MHi
2025-01-20,Catch Me If You Can,2002,https://boxd.it/29VS
2025-01-20,Spider-Man: Far From Home,2019,https://boxd.it/fegG
2025-01-20,My Neighbor Totoro,1988,https://boxd.it/20eA
2025-01-20,Spider-Man,2002,https://boxd.it/2a8i
2025-01-20,Doctor Strange in the Multiverse of Madness,2022,https://boxd.it/gaTc
2025-01-20,The Lord of the Rings: The Return of the King,2003,https://boxd.it/2b5u
2025-01-20,Superbad,2007,https://boxd.it/20hO
2025-01-20,The Empire Strikes Back,1980,https://boxd.it/27Vw
2025-01-20,Dunkirk,2017,https://boxd.it/d0Y6
2025-01-20,Gladiator,2000,https://boxd.it/2b9m
2025-01-20,The Incredibles,2004,https://boxd.it/1XLm
2025-01-20,Zodiac,2007,https://boxd.it/27MO
2025-01-20,The Lord of the Rings: The Two Towers,2002,https://boxd.it/2b5E
2025-01-20,The Hunger Games: The Ballad of Songbirds & Snakes,2023,https://boxd.it/pZCY
2025-01-20,Finding Nemo,2003,https://boxd.it/72i
2025-01-20,Harry Potter and the Goblet of Fire,2005,https://boxd.it/29Qo
2025-01-20,Iron Man,2008,https://boxd.it/28dA
2025-01-20,"Monsters, Inc.",2001,https://boxd.it/2a46
2025-01-20,Wonka,2023,https://boxd.it/tCQm
2025-01-20,Tenet,2020,https://boxd.it/leq4
2025-01-20,Harry Potter and the Chamber of Secrets,2002,https://boxd.it/29QI
2025-01-20,Mamma Mia!,2008,https://boxd.it/1Tnq
2025-01-20,A Clockwork Orange,1971,https://boxd.it/2aVE
2025-01-20,Guardians of the Galaxy Vol. 2,2017,https://boxd.it/8MxC
2025-01-20,Spider-Man 2,2004,https://boxd.it/2a88
2025-01-20,The Prestige,2006,https://boxd.it/293w
2025-01-20,The Dark Knight Rises,2012,https://boxd.it/H3m
2025-01-20,Captain America: Civil War,2016,https://boxd.it/89Ja
2025-01-20,The Hunger Games: Catching Fire,2013,https://boxd.it/3sAw
2025-01-20,Reservoir Dogs,1992,https://boxd.it/2agc
2025-01-20,The Super Mario Bros. Movie,2023,https://boxd.it/i8C8
2025-01-20,The Nightmare Before Christmas,1993,https://boxd.it/1YzQ
2025-01-20,Blade Runner,1982,https://boxd.it/2bcA
2025-01-20,Tangled,2010,https://boxd.it/15gO
2025-01-20,Batman Begins,2005,https://boxd.it/2aIg
2025-01-20,The Lion King,1994,https://boxd.it/201Q
2025-01-20,Harry Potter and the Deathly Hallows: Part 2,2011,https://boxd.it/1RYk
2025-01-20,John Wick,2014,https://boxd.it/7dEc
2025-01-20,Doctor Strange,2016,https://boxd.it/8MH8
2025-01-20,Asteroid City,2023,https://boxd.it/s3ds
2025-01-20,Princess Mononoke,1997,https://boxd.it/2b4w
2025-01-20,Harry Potter and the Order of the Phoenix,2007,https://boxd.it/29Qe
2025-01-20,Star Wars: Episode III – Revenge of the Sith,2005,https://boxd.it/27US
2025-01-20,Captain America: The Winter Soldier,2014,https://boxd.it/3r58
2025-01-20,Star Wars: The Force Awakens,2015,https://boxd.it/4vru
2025-01-20,The Lobster,2015,https://boxd.it/7tnw
2025-01-20,Shrek 2,2004,https://boxd.it/29z8
2025-01-20,Deadpool 2,2018,https://boxd.it/dlLM
2025-01-20,Harry Potter and the Half-Blood Prince,2009,https://boxd.it/29FU
2025-01-20,About Time,2013,https://boxd.it/43bI
2025-01-20,Return of the Jedi,1983,https://boxd.it/27Vm
2025-01-20,The Departed,2006,https://boxd.it/28MA
2025-01-20,Harry Potter and the Deathly Hallows: Part 1,2010,https://boxd.it/1RYu
2025-01-20,Scarface,1983,https://boxd.it/2b7g
2025-01-20,Avengers: Age of Ultron,2015,https://boxd.it/3qi6
2025-01-20,The French Dispatch,2021,https://boxd.it/jLP8
2025-01-20,The Godfather Part II,1974,https://boxd.it/2aNq
2025-01-20,Fargo,1996,https://boxd.it/2aHM
2025-01-20,Pirates of the Caribbean: The Curse of the Black Pearl,2003,https://boxd.it/70G
2025-01-20,Logan,2017,https://boxd.it/7Piy
2025-01-20,Kill Bill: Vol. 2,2004,https://boxd.it/2au4
2025-01-20,Léon: The Professional,1994,https://boxd.it/2b8S
2025-01-20,Star Wars: Episode I – The Phantom Menace,1999,https://boxd.it/27Vc
2025-01-20,The Amazing Spider-Man,2012,https://boxd.it/27PI
2025-01-20,Thor: Love and Thunder,2022,https://boxd.it/mMAY
2025-01-20,Encanto,2021,https://boxd.it/kPRu
2025-01-20,Ferris Bueller's Day Off,1986,https://boxd.it/1YPY
2025-01-20,The Suicide Squad,2021,https://boxd.it/fw6O
2025-01-20,Saving Private Ryan,1998,https://boxd.it/29ro
2025-01-20,Your Name.,2016,https://boxd.it/cUqs
2025-01-20,Corpse Bride,2005,https://boxd.it/24WQ
2025-01-20,Star Wars: The Last Jedi,2017,https://boxd.it/5xme
2025-01-20,Black Widow,2021,https://boxd.it/hWV8
2025-01-20,Captain America: The First Avenger,2011,https://boxd.it/28b0
2025-01-20,The Great Gatsby,2013,https://boxd.it/JY
2025-01-20,Rogue One: A Star Wars Story,2016,https://boxd.it/aPvy
2025-01-20,Captain Marvel,2019,https://boxd.it/9vSA
2025-01-20,Legally Blonde,2001,https://boxd.it/1ZNa
2025-01-20,Moana,2016,https://boxd.it/8tfY
2025-01-20,Shang-Chi and the Legend of the Ten Rings,2021,https://boxd.it/kLDI
2025-01-20,Smile,2022,https://boxd.it/xjfE
2025-01-20,Ant-Man,2015,https://boxd.it/3vmW
2025-01-20,Die Hard,1988,https://boxd.it/2a7u
2025-01-20,Zootopia,2016,https://boxd.it/84xS
2025-01-20,Luca,2021,https://boxd.it/ipjC
2025-01-20,Furiosa: A Mad Max Saga,2024,https://boxd.it/tABk
2025-01-20,Elvis,2022,https://boxd.it/mK4w
2025-01-20,The Hangover,2009,https://boxd.it/1GjK
2025-01-20,How to Train Your Dragon,2010,https://boxd.it/1WRy
2025-01-20,Charlie and the Chocolate Factory,2005,https://boxd.it/2b68
2025-01-20,Star Wars: Episode II – Attack of the Clones,2002,https://boxd.it/27V2
2025-01-20,Black Panther: Wakanda Forever,2022,https://boxd.it/igPu
2025-01-20,Cars,2006,https://boxd.it/29ho
2025-01-20,Kingsman: The Secret Service,2014,https://boxd.it/6dxe
2025-01-20,Frozen,2013,https://boxd.it/3GNa
2025-01-20,Raiders of the Lost Ark,1981,https://boxd.it/2bbs
2025-01-20,"Crazy, Stupid, Love.",2011,https://boxd.it/D9A
2025-01-20,Big Hero 6,2014,https://boxd.it/5rje
2025-01-20,Spider-Man 3,2007,https://boxd.it/2a7Y
2025-01-20,The Fall Guy,2024,https://boxd.it/s0Bm
2025-01-20,Turning Red,2022,https://boxd.it/ipkq
2025-01-20,Iron Man 3,2013,https://boxd.it/2cBQ
2025-01-20,Suicide Squad,2016,https://boxd.it/9row
2025-01-20,Toy Story 2,1999,https://boxd.it/29qq
2025-01-20,Star Wars: The Rise of Skywalker,2019,https://boxd.it/5xlK
2025-01-20,The Hunger Games: Mockingjay – Part 1,2014,https://boxd.it/4hka
2025-01-20,Iron Man 2,2010,https://boxd.it/1WZM
2025-01-20,Incredibles 2,2018,https://boxd.it/7IPg
2025-01-20,The Royal Tenenbaums,2001,https://boxd.it/1YHU
2025-01-20,Love Actually,2003,https://boxd.it/2aeU
2025-01-20,Stand by Me,1986,https://boxd.it/2aOe
2025-01-20,The Northman,2022,https://boxd.it/nK2s
2025-01-20,Thor,2011,https://boxd.it/1WQU
2025-01-20,All Quiet on the Western Front,2022,https://boxd.it/H08
2025-01-20,Kiki's Delivery Service,1989,https://boxd.it/1JAY
2025-01-20,Ocean's Eleven,2001,https://boxd.it/2aZm
2025-01-20,Kung Fu Panda,2008,https://boxd.it/1Yws
2025-01-20,E.T. the Extra-Terrestrial,1982,https://boxd.it/2a1G
2025-01-20,Cruella,2021,https://boxd.it/bbKg
2025-01-20,John Wick: Chapter 4,2023,https://boxd.it/mh48
2025-01-20,The Hunger Games: Mockingjay – Part 2,2015,https://boxd.it/4hk0
2025-01-20,Venom,2018,https://boxd.it/b8wA
2025-01-20,Eternals,2021,https://boxd.it/j36o
2025-01-20,Heat,1995,https://boxd.it/2bg8
2025-01-20,The Amazing Spider-Man 2,2014,https://boxd.it/3utM
2025-01-20,Easy A,2010,https://boxd.it/17DK
2025-01-20,The Killer,2023,https://boxd.it/u6WE
2025-01-20,The Big Short,2015,https://boxd.it/ajZw
2025-01-20,The Lego Movie,2014,https://boxd.it/4pDO
2025-01-20,Saw,2004,https://boxd.it/2aWW
2025-01-20,Free Guy,2021,https://boxd.it/k8dm
2025-01-20,School of Rock,2003,https://boxd.it/28xK
2025-01-20,Speed Racer,2008,https://boxd.it/20UQ
2025-01-20,Spider-Man: Across the Spider-Verse,2023,https://boxd.it/kSz4
2025-01-20,Being John Malkovich,1999,https://boxd.it/2ahu
2025-01-20,Minority Report,2002,https://boxd.it/2aWi
2025-01-20,The Game,1997,https://boxd.it/26vC
2025-01-20,Renfield,2023,https://boxd.it/o8vy
2025-01-20,The League of Extraordinary Gentlemen,2003,https://boxd.it/1ZVy
2025-01-20,Casper,1995,https://boxd.it/1ZMw
2025-01-20,Loki,2021,https://boxd.it/sbHg
2025-01-20,The Hobbit: The Desolation of Smaug,2013,https://boxd.it/nmS
2025-01-20,Men in Black,1997,https://boxd.it/2a0I
2025-01-20,"history of the entire world, i guess",2017,https://boxd.it/rQx0
2025-01-20,history of japan,2016,https://boxd.it/rZlM
2025-01-20,Men in Black 3,2012,https://boxd.it/103U
2025-01-21,Neon Genesis Evangelion: The End of Evangelion,1997,https://boxd.it/1GRM
2025-01-21,Do the Right Thing,1989,https://boxd.it/29gA
2025-01-21,Terminator 2: Judgment Day,1991,https://boxd.it/2aGY
2025-01-21,The Iron Giant,1999,https://boxd.it/1Wow
2025-01-21,The Prince of Egypt,1998,https://boxd.it/1XGQ
2025-01-21,The Princess Bride,1987,https://boxd.it/26EY
2025-01-21,A Silent Voice: The Movie,2016,https://boxd.it/d99c
2025-01-21,Toy Story,1995,https://boxd.it/29qA
2025-01-21,Free Fire,2016,https://boxd.it/b2Ig
2025-01-21,Wonder Woman,2017,https://boxd.it/9roG
2025-01-21,Sicario,2015,https://boxd.it/8i7u
2025-01-21,Ghostbusters,1984,https://boxd.it/g2w
2025-01-21,Indiana Jones and the Temple of Doom,1984,https://boxd.it/2bb8
2025-01-21,The Fifth Element,1997,https://boxd.it/71k
2025-01-21,Top Gun,1986,https://boxd.it/29JC
2025-01-21,Watchmen,2009,https://boxd.it/1QE4
2025-01-21,Rushmore,1998,https://boxd.it/1TAO
2025-01-21,John Wick: Chapter 2,2017,https://boxd.it/ayGu
2025-01-21,Batman Returns,1992,https://boxd.it/2awa
2025-01-21,American Psycho,2000,https://boxd.it/28Vs
2025-01-21,Pinocchio,1940,https://boxd.it/1V8C
2025-01-21,Baby Driver,2017,https://boxd.it/bhF2
2025-01-21,Casino Royale,2006,https://boxd.it/1alk
2025-01-21,Masterminds,2016,https://boxd.it/6mTe
2025-01-21,The Dark Crystal,1982,https://boxd.it/1Tm8
2025-01-21,Star Trek Beyond,2016,https://boxd.it/5Ik4
2025-01-21,Kong: Skull Island,2017,https://boxd.it/9ewM
2025-01-21,The Little Mermaid,1989,https://boxd.it/1WYO
2025-01-21,Creed,2015,https://boxd.it/a2qk
2025-01-21,The Hobbit: An Unexpected Journey,2012,https://boxd.it/GZk
2025-01-21,Ghost in the Shell,1995,https://boxd.it/1YYc
2025-01-21,Death Note,2017,https://boxd.it/bOS4
2025-01-21,X-Men: Days of Future Past,2014,https://boxd.it/4aRw
2025-01-21,Back to the Future Part II,1989,https://boxd.it/2aYI
2025-01-21,Almost Famous,2000,https://boxd.it/29CQ
2025-01-21,Hunt for the Wilderpeople,2016,https://boxd.it/cTgG
2025-01-21,Valerian and the City of a Thousand Planets,2017,https://boxd.it/biYY
2025-01-21,Life of Brian,1979,https://boxd.it/2a4q
2025-01-21,Dirty Dancing,1987,https://boxd.it/2baY
2025-01-21,The NeverEnding Story,1984,https://boxd.it/1dE0
2025-01-21,Star Trek Into Darkness,2013,https://boxd.it/uYE
2025-01-21,"South Park: Bigger, Longer & Uncut",1999,https://boxd.it/1YAO
2025-01-21,World War Z,2013,https://boxd.it/2p2E
2025-01-21,Inside Out,2015,https://boxd.it/4KHC
2025-01-21,The Way Way Back,2013,https://boxd.it/4Gwq
2025-01-21,Aliens,1986,https://boxd.it/29PA
2025-01-21,Pirates of the Caribbean: Dead Men Tell No Tales,2017,https://boxd.it/5a9m
2025-01-21,Ghostbusters,2016,https://boxd.it/Vm8
2025-01-21,The Lego Batman Movie,2017,https://boxd.it/azp0
2025-01-21,Scary Movie,2000,https://boxd.it/24CG
2025-01-21,Superman,1978,https://boxd.it/27Qm
2025-01-21,Power Rangers,2017,https://boxd.it/9KKc
2025-01-21,Dazed and Confused,1993,https://boxd.it/1Ylk
2025-01-21,Life of Pi,2012,https://boxd.it/37pC
2025-01-21,The Jungle Book,2016,https://boxd.it/8wjk
2025-01-21,Lara Croft: Tomb Raider,2001,https://boxd.it/27G2
2025-01-21,Super Mario Bros.,1993,https://boxd.it/1YfG
2025-01-21,Eraserhead,1977,https://boxd.it/299u
2025-01-21,X-Men,2000,https://boxd.it/1a7s
2025-01-21,Muppets from Space,1999,https://boxd.it/1WOO
2025-01-21,True Lies,1994,https://boxd.it/19pq
2025-01-21,It,1990,https://boxd.it/26tG
2025-01-21,Jurassic Park,1993,https://boxd.it/2aA2
2025-01-21,The Golden Compass,2007,https://boxd.it/272Q
2025-01-21,Die Hard 2,1990,https://boxd.it/28zw
2025-01-21,Finding Dory,2016,https://boxd.it/4aAA
2025-01-21,District 9,2009,https://boxd.it/1Iik
2025-01-21,The Illusionist,2006,https://boxd.it/28H6
2025-01-21,Face/Off,1997,https://boxd.it/29I0
2025-01-21,Snowpiercer,2013,https://boxd.it/3Icg
2025-01-21,Pineapple Express,2008,https://boxd.it/1WRS
2025-01-21,Speed,1994,https://boxd.it/28qk
2025-01-21,Aladdin,1992,https://boxd.it/29yE
2025-01-21,Captain Phillips,2013,https://boxd.it/3GPK
2025-01-21,The Lego Ninjago Movie,2017,https://boxd.it/8lEw
2025-01-21,Transformers,2007,https://boxd.it/280c
2025-01-21,Space Jam,1996,https://boxd.it/26YO
2025-01-21,Anchorman 2: The Legend Continues,2013,https://boxd.it/3GNk
2025-01-21,Daddy's Home,2015,https://boxd.it/8jSc
2025-01-21,Grimsby,2016,https://boxd.it/7ZkO
2025-01-21,Indiana Jones and the Last Crusade,1989,https://boxd.it/2baO
2025-01-21,Fantastic Four: Rise of the Silver Surfer,2007,https://boxd.it/27Ii
2025-01-21,The Other Guys,2010,https://boxd.it/1rtq
2025-01-21,Adventureland,2009,https://boxd.it/1JTQ
2025-01-21,Blood Diamond,2006,https://boxd.it/28Tm
2025-01-21,Interview with the Vampire,1994,https://boxd.it/29XO
2025-01-21,Slumdog Millionaire,2008,https://boxd.it/1S3E
2025-01-21,Skyfall,2012,https://boxd.it/17Fc
2025-01-21,Mission: Impossible – Rogue Nation,2015,https://boxd.it/5rI4
2025-01-21,Sherlock Holmes: A Game of Shadows,2011,https://boxd.it/k3S
2025-01-21,Kick-Ass,2010,https://boxd.it/1zaQ
2025-01-21,50/50,2011,https://boxd.it/10Tw
2025-01-21,Peter Pan,2003,https://boxd.it/1VQY
2025-01-21,Teenage Mutant Ninja Turtles,1990,https://boxd.it/28FY
2025-01-21,Alice in Wonderland,2010,https://boxd.it/1Spq
2025-01-21,Chitty Chitty Bang Bang,1968,https://boxd.it/1Tbu
2025-01-21,Mulan,1998,https://boxd.it/1VFw
2025-01-21,Mission: Impossible III,2006,https://boxd.it/29cI
2025-01-21,Wedding Crashers,2005,https://boxd.it/1Yte
2025-01-21,Insomnia,2002,https://boxd.it/2aB0
2025-01-21,The Italian Job,2003,https://boxd.it/1Y86
2025-01-21,Anchorman: The Legend of Ron Burgundy,2004,https://boxd.it/1ZVo
2025-01-21,Moneyball,2011,https://boxd.it/glS
2025-01-21,There's Something About Mary,1998,https://boxd.it/2aae
2025-01-21,X2,2003,https://boxd.it/1a7i
2025-01-21,R.I.P.D.,2013,https://boxd.it/FQQ
2025-01-21,John Carter,2012,https://boxd.it/FQ2
2025-01-21,Green Lantern,2011,https://boxd.it/QN4
2025-01-21,Pan,2015,https://boxd.it/7XYi
2025-01-21,The Jungle Book,1967,https://boxd.it/1YY2
2025-01-21,Tropic Thunder,2008,https://boxd.it/20WM
2025-01-21,Freaky Friday,2003,https://boxd.it/1WwK
2025-01-21,Hot Tub Time Machine,2010,https://boxd.it/1zIS
2025-01-21,American Pie,1999,https://boxd.it/27qy
2025-01-21,Harry Potter and the Philosopher's Stone,2001,https://boxd.it/29QS
2025-01-21,This Is the End,2013,https://boxd.it/3GB4
2025-01-21,Night at the Museum,2006,https://boxd.it/28wi
2025-01-21,Gangs of New York,2002,https://boxd.it/25FG
2025-01-21,Snatch,2000,https://boxd.it/2b7U
2025-01-21,X-Men: First Class,2011,https://boxd.it/FOA
2025-01-21,White Chicks,2004,https://boxd.it/1SpK
2025-01-21,How the Grinch Stole Christmas,2000,https://boxd.it/1ZHQ
2025-01-21,Garden State,2004,https://boxd.it/2asW
2025-01-21,Rush Hour,1998,https://boxd.it/27pU
2025-01-21,Batman,1989,https://boxd.it/2aIU
2025-01-21,Jack the Giant Slayer,2013,https://boxd.it/2Pwq
2025-01-21,Pirates of the Caribbean: On Stranger Tides,2011,https://boxd.it/27Z4
2025-01-21,The Devil's Advocate,1997,https://boxd.it/286k
2025-01-21,Blow,2001,https://boxd.it/24Mm
2025-01-21,Star Trek,2009,https://boxd.it/1Q6c
2025-01-21,Transformers: Revenge of the Fallen,2009,https://boxd.it/20gG
2025-01-21,Final Destination,2000,https://boxd.it/1YrC
2025-01-21,21 Jump Street,2012,https://boxd.it/J0
2025-01-21,The World's End,2013,https://boxd.it/3EiO
2025-01-21,The Life Aquatic with Steve Zissou,2004,https://boxd.it/2aqw
2025-01-21,Edge of Tomorrow,2014,https://boxd.it/4pD0
2025-01-21,Vanilla Sky,2001,https://boxd.it/27TK
2025-01-21,Lara Croft: Tomb Raider – The Cradle of Life,2003,https://boxd.it/27FS
2025-01-21,Hancock,2008,https://boxd.it/1Zv6
2025-01-21,What We Do in the Shadows,2014,https://boxd.it/7eQy
2025-01-21,The Wonderful Story of Henry Sugar,2023,https://boxd.it/yNyo
2025-01-21,The Usual Suspects,1995,https://boxd.it/29XE
2025-01-21,Green Book,2018,https://boxd.it/hErk
2025-01-21,Monty Python and the Holy Grail,1975,https://boxd.it/29GI
2025-01-21,V for Vendetta,2005,https://boxd.it/29Ik
2025-01-21,"Three Billboards Outside Ebbing, Missouri",2017,https://boxd.it/ceBS
2025-01-21,Ford v Ferrari,2019,https://boxd.it/ce74
2025-01-21,Rocky,1976,https://boxd.it/28Uk
2025-01-21,Rush,2013,https://boxd.it/3lyS
2025-01-21,Into the Wild,2007,https://boxd.it/22m2
2025-01-21,It Chapter Two,2019,https://boxd.it/h10u
2025-01-21,The Cabin in the Woods,2011,https://boxd.it/1zOc
2025-01-21,The Blair Witch Project,1999,https://boxd.it/26ua
2025-01-21,Prey,2022,https://boxd.it/sNBU
2025-01-21,The Mist,2007,https://boxd.it/22r2
2025-01-21,Monster House,2006,https://boxd.it/1Z2e
2025-01-21,Terrifier,2016,https://boxd.it/eRzg
2025-01-21,In the Tall Grass,2019,https://boxd.it/iZpm
2025-01-21,1922,2017,https://boxd.it/g8CS
2025-01-22,Hot Fuzz,2007,https://boxd.it/2416
2025-01-22,Pitch Perfect,2012,https://boxd.it/3OsE
2025-01-22,Moulin Rouge!,2001,https://boxd.it/29wI
2025-01-22,The Parent Trap,1998,https://boxd.it/1XJq
2025-01-22,Whisper of the Heart,1995,https://boxd.it/17uy
2025-01-22,The Greatest Showman,2017,https://boxd.it/acjI
2025-01-22,The Nice Guys,2016,https://boxd.it/94Hg
2025-01-22,Jumanji: Welcome to the Jungle,2017,https://boxd.it/bUeE
2025-01-22,Jumanji,1995,https://boxd.it/1ZLI
2025-01-22,The Magnificent Seven,2016,https://boxd.it/aZAy
2025-01-22,The Ballad of Buster Scruggs,2018,https://boxd.it/jB2q
2025-01-22,Pacific Rim,2013,https://boxd.it/2cB2
2025-01-22,Godzilla,2014,https://boxd.it/47OE
2025-01-22,Jurassic World,2015,https://boxd.it/4n0g
2025-01-22,The King's Speech,2010,https://boxd.it/dX0
2025-01-22,Monsters University,2013,https://boxd.it/bQm
2025-01-22,Hugo,2011,https://boxd.it/R08
2025-01-22,Murder on the Orient Express,2017,https://boxd.it/dHjA
2025-01-22,Rango,2011,https://boxd.it/QPk
2025-01-22,The Adventures of Tintin,2011,https://boxd.it/1Irc
2025-01-22,Tintin and the Temple of the Sun,1969,https://boxd.it/75yg
2025-01-22,The Lego Movie 2: The Second Part,2019,https://boxd.it/8BAU
2025-01-22,Raya and the Last Dragon,2021,https://boxd.it/jbkI
2025-01-22,Ralph Breaks the Internet,2018,https://boxd.it/edAy
2025-01-22,Aladdin,2019,https://boxd.it/eSjy
2025-01-22,Wonder,2017,https://boxd.it/ekeY
2025-01-22,Paddington 2,2017,https://boxd.it/bCF8
2025-01-22,Onward,2020,https://boxd.it/io92
2025-01-22,Kubo and the Two Strings,2016,https://boxd.it/a4wE
2025-01-22,The Pursuit of Happyness,2006,https://boxd.it/28PE
2025-01-22,Toy Story 4,2019,https://boxd.it/9ALu
2025-01-22,Sorry to Bother You,2018,https://boxd.it/f21E
2025-01-22,American Hustle,2013,https://boxd.it/5dz8
2025-01-22,Bridesmaids,2011,https://boxd.it/rac
2025-01-22,Senna,2010,https://boxd.it/kfE
2025-01-22,Toy Story 3,2010,https://boxd.it/1WRe
2025-01-22,Apocalypto,2006,https://boxd.it/28yy
2025-01-22,Borat: Cultural Learnings of America for Make Benefit Glorious Nation of Kazakhstan,2006,https://boxd.it/2agQ
2025-01-22,Collateral,2004,https://boxd.it/28F0
2025-01-22,Fahrenheit 9/11,2004,https://boxd.it/28a2
2025-01-22,Rabbit-Proof Fence,2002,https://boxd.it/1YnU
2025-01-22,Bowling for Columbine,2002,https://boxd.it/28Ls
2025-01-22,"O Brother, Where Art Thou?",2000,https://boxd.it/2b3I
2025-01-22,Natural Born Killers,1994,https://boxd.it/2aNg
2025-01-22,Dances with Wolves,1990,https://boxd.it/2a4K
2025-01-22,Rain Man,1988,https://boxd.it/2avw
2025-01-22,The Untouchables,1987,https://boxd.it/2b6i
2025-01-22,Cast Away,2000,https://boxd.it/20i8
2025-01-22,Kung Fu Panda 2,2011,https://boxd.it/G36
2025-01-22,WandaVision,2021,https://boxd.it/sbGW
2025-01-22,Solo: A Star Wars Story,2018,https://boxd.it/bGWs
2025-01-22,Divergent,2014,https://boxd.it/4VT0
2025-01-22,The Hobbit: The Battle of the Five Armies,2014,https://boxd.it/43aU
2025-01-22,How to Train Your Dragon 2,2014,https://boxd.it/2TRW
2025-01-22,High School Musical,2006,https://boxd.it/1V0y
2025-01-22,The Incredible Hulk,2008,https://boxd.it/28dU
2025-01-22,Bee Movie,2007,https://boxd.it/22Vw
2025-01-22,Despicable Me 2,2013,https://boxd.it/3gg0
2025-01-22,Beauty and the Beast,2017,https://boxd.it/ar0c
2025-01-22,Cloudy with a Chance of Meatballs,2009,https://boxd.it/1A40
2025-01-22,Cars 2,2011,https://boxd.it/H4Y
2025-01-22,John Wick: Chapter 3 – Parabellum,2019,https://boxd.it/gmFw
2025-01-22,I Am Legend,2007,https://boxd.it/21DG
2025-01-22,Aquaman,2018,https://boxd.it/9ru0
2025-01-22,Maleficent,2014,https://boxd.it/3v1u
2025-01-22,Rise of the Planet of the Apes,2011,https://boxd.it/cS4
2025-01-22,The Princess and the Frog,2009,https://boxd.it/1WQq
2025-01-22,The Mask,1994,https://boxd.it/29rS
2025-01-22,Ocean's Eight,2018,https://boxd.it/eaai
2025-01-22,Man of Steel,2013,https://boxd.it/FRk
2025-01-22,The Polar Express,2004,https://boxd.it/23am
2025-01-22,Birds of Prey (and the Fantabulous Emancipation of One Harley Quinn),2020,https://boxd.it/hSyO
2025-01-22,Hercules,1997,https://boxd.it/1SDW
2025-01-22,Batman v Superman: Dawn of Justice,2016,https://boxd.it/6fBW
2025-01-22,Ted,2012,https://boxd.it/2pgc
2025-01-22,The Queen's Gambit,2020,https://boxd.it/s1Ym
2025-01-22,Shrek the Third,2007,https://boxd.it/29yY
2025-01-22,The Maze Runner,2014,https://boxd.it/5YPM
2025-01-22,Squid Game,2021,https://boxd.it/x1OG
2025-01-22,Pirates of the Caribbean: At World's End,2007,https://boxd.it/2aGu
2025-01-22,The Princess Diaries,2001,https://boxd.it/1XCO
2025-01-22,Lilo & Stitch,2002,https://boxd.it/1TAY
2025-01-22,The Curious Case of Benjamin Button,2008,https://boxd.it/23Fk
2025-01-22,A Bug's Life,1998,https://boxd.it/1Yyy
2025-01-22,Megamind,2010,https://boxd.it/16Sk
2025-01-22,"The Chronicles of Narnia: The Lion, the Witch and the Wardrobe",2005,https://boxd.it/2ark
2025-01-22,Elf,2003,https://boxd.it/1VyK
2025-01-22,Home Alone 2: Lost in New York,1992,https://boxd.it/29F6
2025-01-22,Ready Player One,2018,https://boxd.it/aZes
2025-01-22,Now You See Me,2013,https://boxd.it/2Bsu
2025-01-22,Beauty and the Beast,1991,https://boxd.it/1XhG
2025-01-22,Madagascar,2005,https://boxd.it/29dc
2025-01-22,Pirates of the Caribbean: Dead Man's Chest,2006,https://boxd.it/2bfk
2025-01-22,Despicable Me,2010,https://boxd.it/1DD8
2025-01-22,Zombieland,2009,https://boxd.it/1En6
2025-01-22,Ice Age,2002,https://boxd.it/2apS
2025-01-22,Brave,2012,https://boxd.it/bVG
2025-01-22,Wreck-It Ralph,2012,https://boxd.it/2TTS
2025-01-22,Ant-Man and the Wasp,2018,https://boxd.it/cqUW
2025-01-22,Fantastic Beasts and Where to Find Them,2016,https://boxd.it/7FPC
2025-01-22,Thor: The Dark World,2013,https://boxd.it/2DqA
2025-01-22,A Quiet Place,2018,https://boxd.it/fVJQ
2025-01-22,Ant-Man and the Wasp: Quantumania,2023,https://boxd.it/nL2y
2025-01-22,The Social Dilemma,2020,https://boxd.it/opQI
2025-01-22,The Mitchells vs. the Machines,2021,https://boxd.it/i7xm
2025-01-22,Blonde,2022,https://boxd.it/9AG0
2025-01-22,Enola Holmes,2020,https://boxd.it/hX2o
2025-01-22,Hustle,2022,https://boxd.it/qpig
2025-01-22,The Harder They Fall,2021,https://boxd.it/mRCU
2025-01-22,They Cloned Tyrone,2023,https://boxd.it/rE7a
2025-01-22,Ma Rainey's Black Bottom,2020,https://boxd.it/mLcm
2025-01-22,The Redeem Team,2022,https://boxd.it/Cvz2
2025-01-22,The Gray Man,2022,https://boxd.it/rb7q
2025-01-22,John Mulaney: New in Town,2012,https://boxd.it/359M
2025-01-22,Tom Segura: Ball Hog,2020,https://boxd.it/pdGy
2025-01-22,Extraction 2,2023,https://boxd.it/q4Zo
2025-01-22,"Love, Death & Robots: Bad Travelling",2022,https://boxd.it/BykM
2025-01-22,John Mulaney: The Comeback Kid,2015,https://boxd.it/cK4w
2025-01-22,Beverly Hills Cop: Axel F,2024,https://boxd.it/8Bvq
2025-01-22,Project Power,2020,https://boxd.it/ml8S
2025-01-22,The White Tiger,2021,https://boxd.it/nhg6
2025-01-22,Kevin Hart: I'm a Grown Little Man,2009,https://boxd.it/1qMQ
2025-01-22,Two Distant Strangers,2020,https://boxd.it/tBu0
2025-01-22,Tom Segura: Completely Normal,2014,https://boxd.it/7FZW
2025-01-22,Tom Segura: Disgraceful,2018,https://boxd.it/hWLi
2025-01-22,High Score,2020,https://boxd.it/rzBY
2025-01-22,The Power of the Dog,2021,https://boxd.it/m99E
2025-01-22,The Adam Project,2022,https://boxd.it/q2Dg
2025-01-22,Tom Segura: Mostly Stories,2016,https://boxd.it/d59C
2025-01-22,6 Underground,2019,https://boxd.it/irU6
2025-01-22,Uncharted,2022,https://boxd.it/b5Dy
2025-01-22,Day Shift,2022,https://boxd.it/sn8W
2025-01-22,Metal Lords,2022,https://boxd.it/rLTA
2025-01-22,Next Gen,2018,https://boxd.it/j1jg
2025-01-22,John Mulaney: Kid Gorgeous at Radio City,2018,https://boxd.it/iTts
2025-01-22,Attack of the Hollywood Clichés!,2021,https://boxd.it/x6sA
2025-01-22,Red Notice,2021,https://boxd.it/ixtq
2025-01-22,Tom Segura: Sledgehammer,2023,https://boxd.it/H6E2
2025-01-22,Kevin Hart: What Now?,2016,https://boxd.it/biVq
2025-01-22,The Dirt,2019,https://boxd.it/aGN4
2025-01-22,YES DAY,2021,https://boxd.it/nHgc
2025-01-22,Bill Burr: Walk Your Way Out,2017,https://boxd.it/fxWc
2025-01-22,Jack Whitehall: I'm Only Joking,2020,https://boxd.it/qW50
2025-01-22,Rebel Moon – Part One: A Child of Fire,2023,https://boxd.it/w0qc
2025-01-22,Jack Whitehall: At Large,2017,https://boxd.it/hdoI
2025-01-22,The Man from Toronto,2022,https://boxd.it/oRgS
2025-01-22,"Game Over, Man!",2018,https://boxd.it/gjaK
2025-01-22,The Out-Laws,2023,https://boxd.it/yIoo
2025-01-22,Akame ga Kill!,2014,https://boxd.it/px0C
2025-01-22,Big Daddy,1999,https://boxd.it/1ZkW
2025-01-22,The Bubble,2022,https://boxd.it/sKAa
2025-01-22,Captain Underpants: The First Epic Movie,2017,https://boxd.it/8312
2025-01-22,The Cat in the Hat,2003,https://boxd.it/1VSU
2025-01-22,Chicken Run,2000,https://boxd.it/20Xg
2025-01-22,Cyberpunk: Edgerunners,2022,https://boxd.it/COP4
2025-01-22,Doom,2005,https://boxd.it/1ZOW
2025-01-22,He's All That,2021,https://boxd.it/bFbA
2025-01-22,Hubie Halloween,2020,https://boxd.it/mQwm
2025-01-22,Kill la Kill,2013,https://boxd.it/px0M
2025-01-22,Layer Cake,2004,https://boxd.it/23LC
2025-01-22,The Lorax,2012,https://boxd.it/2w9M
2025-01-22,The Matrix Reloaded,2003,https://boxd.it/2a1c
2025-01-22,Me Time,2022,https://boxd.it/wzV0
2025-01-22,Minions,2015,https://boxd.it/6jCO
2025-01-23,Mowgli: Legend of the Jungle,2018,https://boxd.it/el2E
2025-01-23,Mr. Deeds,2002,https://boxd.it/27BQ
2025-01-23,The Gentlemen,2019,https://boxd.it/iYBQ
2025-01-23,Sherlock Holmes,2009,https://boxd.it/1W2A
2025-01-23,RocknRolla,2008,https://boxd.it/1PmI
2025-01-23,Wrath of Man,2021,https://boxd.it/nEia
2025-01-23,Operation Fortune: Ruse de Guerre,2023,https://boxd.it/rJXA
2025-01-23,The Ministry of Ungentlemanly Warfare,2024,https://boxd.it/u5zu
2025-01-23,X-Men Origins: Wolverine,2009,https://boxd.it/27ug
2025-01-23,Turbo,2013,https://boxd.it/2Hzw
2025-01-23,The Hitman's Bodyguard,2017,https://boxd.it/dCmO
2025-01-23,Once Upon a Deadpool,2018,https://boxd.it/kOfE
2025-01-23,Pokémon Detective Pikachu,2019,https://boxd.it/fVA0
2025-01-23,Fast & Furious Presents: Hobbs & Shaw,2019,https://boxd.it/dnDA
2025-01-23,Smokin' Aces,2006,https://boxd.it/20Ri
2025-01-23,The Croods,2013,https://boxd.it/FRE
2025-01-23,The Croods: A New Age,2020,https://boxd.it/jeHK
2025-01-23,Hitman's Wife's Bodyguard,2021,https://boxd.it/iZdq
2025-01-23,Spirited,2022,https://boxd.it/nshk
2025-01-23,War of the Worlds,2005,https://boxd.it/2bde
2025-01-23,Mission: Impossible,1996,https://boxd.it/29d2
2025-01-23,Mission: Impossible – Ghost Protocol,2011,https://boxd.it/psI
2025-01-23,Oblivion,2013,https://boxd.it/2Bzq
2025-01-23,Mission: Impossible II,2000,https://boxd.it/29cS
2025-01-23,Jack Reacher,2012,https://boxd.it/2BUo
2025-01-23,Mission: Impossible – Fallout,2018,https://boxd.it/bSVc
2025-01-23,Knight and Day,2010,https://boxd.it/17po
2025-01-23,Jack Reacher: Never Go Back,2016,https://boxd.it/buAY
2025-01-23,The Mummy,2017,https://boxd.it/8HnW
2025-01-23,Romeo + Juliet,1996,https://boxd.it/2ama
2025-01-23,Body of Lies,2008,https://boxd.it/1SvS
2025-01-23,Wolfs,2024,https://boxd.it/x6zG
2025-01-23,Ocean's Twelve,2004,https://boxd.it/2aZ2
2025-01-23,Ocean's Thirteen,2007,https://boxd.it/2aEy
2025-01-23,Up in the Air,2009,https://boxd.it/1zPY
2025-01-23,Burn After Reading,2008,https://boxd.it/23BW
2025-01-23,Tomorrowland,2015,https://boxd.it/4YaC
2025-01-23,The Men Who Stare at Goats,2009,https://boxd.it/1Wza
2025-01-23,Batman & Robin,1997,https://boxd.it/2ar0
2025-01-23,Confessions of a Dangerous Mind,2002,https://boxd.it/23Gi
2025-01-23,Spy Kids,2001,https://boxd.it/1Xcw
2025-01-23,Money Monster,2016,https://boxd.it/9GCS
2025-01-23,Spy Kids 3-D: Game Over,2003,https://boxd.it/1S7w
2025-01-23,Spy Kids 2: The Island of Lost Dreams,2002,https://boxd.it/1Yyo
2025-01-23,Spy Kids: All the Time in the World,2011,https://boxd.it/ptm
2025-01-23,Journey 2: The Mysterious Island,2012,https://boxd.it/2o8m
2025-01-23,Jungle Cruise,2021,https://boxd.it/g4YK
2025-01-23,The Meg,2018,https://boxd.it/bAL4
2025-01-23,Jurassic World: Fallen Kingdom,2018,https://boxd.it/bOnU
2025-01-23,Jurassic World Dominion,2022,https://boxd.it/ikXW
2025-01-23,King Kong,2005,https://boxd.it/2aLa
2025-01-23,Rampage,2018,https://boxd.it/f9a4
2025-01-23,Kiss Kiss Bang Bang,2005,https://boxd.it/23c8
2025-01-23,Due Date,2010,https://boxd.it/YFs
2025-01-23,Venom: Let There Be Carnage,2021,https://boxd.it/llco
2025-01-23,Now You See Me 2,2016,https://boxd.it/99fw
2025-01-23,Zombieland: Double Tap,2019,https://boxd.it/bgb6
2025-01-23,2012,2009,https://boxd.it/1OE2
2025-01-23,Seven Psychopaths,2012,https://boxd.it/34PW
2025-01-23,A Scanner Darkly,2006,https://boxd.it/25jK
2025-01-23,The Highwaymen,2019,https://boxd.it/i4ie
2025-01-23,Free Birds,2013,https://boxd.it/5oi8
2025-01-23,Son of the Mask,2005,https://boxd.it/1WNQ
2025-01-23,The Smurfs,2011,https://boxd.it/Zcm
2025-01-23,The Smurfs 2,2013,https://boxd.it/2HvO
2025-01-23,Smurfs: The Lost Village,2017,https://boxd.it/4pCG
2025-01-23,Alvin and the Chipmunks,2007,https://boxd.it/21E0
2025-01-23,Alvin and the Chipmunks: The Squeakquel,2009,https://boxd.it/1zgk
2025-01-23,Alvin and the Chipmunks: Chipwrecked,2011,https://boxd.it/s9E
2025-01-23,Alvin and the Chipmunks: The Road Chip,2015,https://boxd.it/7DWQ
2025-01-23,Sing,2016,https://boxd.it/b5EQ
2025-01-23,Sing 2,2021,https://boxd.it/fAnE
2025-01-23,Happy Feet,2006,https://boxd.it/1XH0
2025-01-23,The Lion King,2019,https://boxd.it/eSjI
2025-01-23,Mary Poppins Returns,2018,https://boxd.it/e4nU
2025-01-23,Rio,2011,https://boxd.it/NKc
2025-01-23,Smallfoot,2018,https://boxd.it/fUCE
2025-01-23,Rio 2,2014,https://boxd.it/5jfy
2025-01-23,Elemental,2023,https://boxd.it/ASiE
2025-01-23,Monkey Man,2024,https://boxd.it/kvsO
2025-01-23,Dungeons & Dragons: Honor Among Thieves,2023,https://boxd.it/hN1A
2025-01-23,No Time to Die,2021,https://boxd.it/cPX2
2025-01-23,Mission: Impossible – Dead Reckoning,2023,https://boxd.it/l7zS
2025-01-23,American Fiction,2023,https://boxd.it/DYHm
2025-01-23,Paddington,2014,https://boxd.it/3RKw
2025-01-23,Matilda,1996,https://boxd.it/1VhY
2025-01-23,Cocaine Bear,2023,https://boxd.it/ugw2
2025-01-23,The Proposal,2009,https://boxd.it/1HiS
2025-01-23,In Bruges,2008,https://boxd.it/20n8
2025-01-23,Rocketman,2019,https://boxd.it/iehK
2025-01-23,Shazam!,2019,https://boxd.it/8WBu
2025-01-23,Teenage Mutant Ninja Turtles: Mutant Mayhem,2023,https://boxd.it/mK0a
2025-01-23,The Flash,2023,https://boxd.it/9twC
2025-01-23,Kingsman: The Golden Circle,2017,https://boxd.it/buJm
2025-01-23,Air,2023,https://boxd.it/Arlc
2025-01-23,The Intouchables,2011,https://boxd.it/2FT0
2025-01-23,Bo Burnham: Inside,2021,https://boxd.it/v2uy
2025-01-23,House of Gucci,2021,https://boxd.it/nVkC
2025-01-23,The Unbearable Weight of Massive Talent,2022,https://boxd.it/o6eK
2025-01-23,Chernobyl,2019,https://boxd.it/mkbG
2025-01-23,Scooby-Doo,2002,https://boxd.it/1YaQ
2025-01-23,Minions: The Rise of Gru,2022,https://boxd.it/fz9w
2025-01-23,Back to the Future Part III,1990,https://boxd.it/2aTS
2025-01-23,Hidden Figures,2016,https://boxd.it/dgS4
2025-01-23,Castle in the Sky,1986,https://boxd.it/1W4G
2025-01-23,Madame Web,2024,https://boxd.it/nwD0
2025-01-23,Zack Snyder's Justice League,2021,https://boxd.it/tLOk
2025-01-23,Insidious,2010,https://boxd.it/H4k
2025-01-23,The Fast and the Furious,2001,https://boxd.it/1XMu
2025-01-23,2 Fast 2 Furious,2003,https://boxd.it/2a4g
2025-01-23,Fast & Furious,2009,https://boxd.it/1Pnm
2025-01-23,Fast Five,2011,https://boxd.it/BgO
2025-01-23,Fast & Furious 6,2013,https://boxd.it/2UG6
2025-01-23,Furious 7,2015,https://boxd.it/5cVs
2025-01-23,The Fate of the Furious,2017,https://boxd.it/bbCw
2025-01-23,F9,2021,https://boxd.it/dqsU
2025-01-23,Fast X,2023,https://boxd.it/drIu
2025-01-23,The Mummy,1999,https://boxd.it/2a7a
2025-01-23,22 Jump Street,2014,https://boxd.it/5Fvy
2025-01-23,The Butterfly Effect,2004,https://boxd.it/27M0
2025-01-23,X-Men: Apocalypse,2016,https://boxd.it/7eJi
2025-01-23,Grown Ups,2010,https://boxd.it/169a
2025-01-23,The Matrix Resurrections,2021,https://boxd.it/n87k
2025-01-23,Willy Wonka & the Chocolate Factory,1971,https://boxd.it/2aLu
2025-01-23,Wonder Woman 1984,2020,https://boxd.it/gBtA
2025-01-23,The 40 Year Old Virgin,2005,https://boxd.it/21hK
2025-01-23,The Terminal,2004,https://boxd.it/2a2O
2025-01-23,Justice League,2017,https://boxd.it/4w68
2025-01-23,Sonic the Hedgehog,2020,https://boxd.it/gdK8
2025-01-23,Nausicaä of the Valley of the Wind,1984,https://boxd.it/2bc6
2025-01-23,Enchanted,2007,https://boxd.it/24co
2025-01-23,Porco Rosso,1992,https://boxd.it/1Tp2
2025-01-23,Spectre,2015,https://boxd.it/6bXY
2025-01-23,Fantastic Beasts: The Crimes of Grindelwald,2018,https://boxd.it/bg8G
2025-01-23,Twelve Monkeys,1995,https://boxd.it/2beQ
2025-01-23,Step Brothers,2008,https://boxd.it/1SsE
2025-01-23,The Addams Family,1991,https://boxd.it/267g
2025-01-23,Indiana Jones and the Kingdom of the Crystal Skull,2008,https://boxd.it/2aR8
2025-01-23,Training Day,2001,https://boxd.it/27A4
2025-01-23,The SpongeBob SquarePants Movie,2004,https://boxd.it/1SYq
2025-01-23,Tarzan,1999,https://boxd.it/18YO
2025-01-23,Black Adam,2022,https://boxd.it/fup0
2025-01-23,Click,2006,https://boxd.it/1YVM
2025-01-23,Saw II,2005,https://boxd.it/2aRs
2025-01-23,The Wolverine,2013,https://boxd.it/2CWU
2025-01-23,Hotel Transylvania,2012,https://boxd.it/2DF6
2025-01-23,The Matrix Revolutions,2003,https://boxd.it/2a12
2025-01-23,The Godfather Part III,1990,https://boxd.it/2aN6
2025-01-23,The Simpsons Movie,2007,https://boxd.it/6YU
2025-01-23,The Hangover Part II,2011,https://boxd.it/PZI
2025-01-23,X-Men: The Last Stand,2006,https://boxd.it/1a5Q
2025-01-23,Passengers,2016,https://boxd.it/8lFu
2025-01-23,Snow White and the Seven Dwarfs,1937,https://boxd.it/2arO
2025-01-23,Yesterday,2019,https://boxd.it/iF7M
2025-01-23,Borat Subsequent Moviefilm,2020,https://boxd.it/rNS0
2025-01-23,Bolt,2008,https://boxd.it/1QXg
2025-01-23,Miss Peregrine's Home for Peculiar Children,2016,https://boxd.it/8KPu
2025-01-23,The Interview,2014,https://boxd.it/6KQ4
2025-01-23,American Sniper,2014,https://boxd.it/5LDy
2025-01-23,Shrek Forever After,2010,https://boxd.it/1WRo
2025-01-23,Road House,2024,https://boxd.it/cdzQ
2025-01-23,Sausage Party,2016,https://boxd.it/6CCe
2025-01-23,Venom: The Last Dance,2024,https://boxd.it/ynqo
2025-01-23,The Karate Kid,1984,https://boxd.it/27Wk
2025-01-23,Morbius,2022,https://boxd.it/j978
2025-01-23,Cloverfield,2008,https://boxd.it/2192
2025-01-23,Moon Knight,2022,https://boxd.it/zeDq
2025-01-23,Jumanji: The Next Level,2019,https://boxd.it/ixu4
2025-01-23,Point Break,1991,https://boxd.it/2958
2025-01-23,Mrs. Doubtfire,1993,https://boxd.it/29Cw
2025-01-23,Maze Runner: The Scorch Trials,2015,https://boxd.it/9hwA
2025-01-23,Twin Peaks,1989,https://boxd.it/g8pk
2025-01-23,Bruce Almighty,2003,https://boxd.it/2aCC
2025-01-23,Cars 3,2017,https://boxd.it/7IPq
2025-01-23,Kung Fu Panda 3,2016,https://boxd.it/4uRQ
2025-01-23,Dark Phoenix,2019,https://boxd.it/anyO
2025-01-23,Alita: Battle Angel,2019,https://boxd.it/e0rS
2025-01-23,Robots,2005,https://boxd.it/1Xve
2025-01-23,Taken,2008,https://boxd.it/1ZXa
2025-01-23,The Da Vinci Code,2006,https://boxd.it/2a3i
2025-01-23,The Falcon and the Winter Soldier,2021,https://boxd.it/sbH6
2025-01-23,Fantastic Four,2005,https://boxd.it/1XVw
2025-01-23,Maze Runner: The Death Cure,2018,https://boxd.it/bakw
2025-01-23,See How They Run,2022,https://boxd.it/sNVq
2025-01-23,Chicken Little,2005,https://boxd.it/1Xnu
2025-01-23,Constantine,2005,https://boxd.it/2a7E
2025-01-23,Treasure Planet,2002,https://boxd.it/1Znm
2025-01-23,Madagascar: Escape 2 Africa,2008,https://boxd.it/1W2K
2025-01-23,The King's Man,2021,https://boxd.it/h714
2025-01-23,Ferrari,2023,https://boxd.it/cEtq
2025-01-23,Percy Jackson & the Olympians: The Lightning Thief,2010,https://boxd.it/1gJi
2025-01-23,Cinderella,1950,https://boxd.it/1Uki
2025-01-23,True Romance,1993,https://boxd.it/2aBa
2025-01-23,Ice Age: The Meltdown,2006,https://boxd.it/2wRk
2025-01-23,Quantum of Solace,2008,https://boxd.it/1Vs8
2025-01-23,The Lost City,2022,https://boxd.it/sg0Q
2025-01-23,Argylle,2024,https://boxd.it/w1kk
2025-01-23,Gran Turismo,2023,https://boxd.it/B2lS
2025-01-23,Bambi,1942,https://boxd.it/25AQ
2025-01-23,Troy,2004,https://boxd.it/29TW
2025-01-23,National Treasure,2004,https://boxd.it/27x0
2025-01-23,Amsterdam,2022,https://boxd.it/oJ58
2025-01-23,Cinderella,2015,https://boxd.it/4KX6
2025-01-23,Violent Night,2022,https://boxd.it/xXBA
2025-01-23,The Hunchback of Notre Dame,1996,https://boxd.it/1VZQ
2025-01-23,TRON: Legacy,2010,https://boxd.it/1Dlo
2025-01-23,Atlantis: The Lost Empire,2001,https://boxd.it/1Vck
2025-01-23,Enola Holmes 2,2022,https://boxd.it/vfDe
2025-01-23,The Guardians of the Galaxy Holiday Special,2022,https://boxd.it/t77K
2025-01-23,Fantasia,1940,https://boxd.it/29HG
2025-01-23,Surf's Up,2007,https://boxd.it/1YKY
2025-01-23,Limitless,2011,https://boxd.it/Aly
2025-01-23,One Hundred and One Dalmatians,1961,https://boxd.it/1SeC
2025-01-23,Frankenweenie,2012,https://boxd.it/bPS
2025-01-23,The Founder,2016,https://boxd.it/9XwM
2025-01-23,17 Again,2009,https://boxd.it/1Jnq
2025-01-23,Men in Black II,2002,https://boxd.it/2a0y
2025-01-23,Upgrade,2018,https://boxd.it/i4gW
2025-01-23,Rise of the Guardians,2012,https://boxd.it/2PXw
2025-01-23,Austin Powers: International Man of Mystery,1997,https://boxd.it/29y0
2025-01-23,"I, Robot",2004,https://boxd.it/27y8
2025-01-23,American Gangster,2007,https://boxd.it/23wi
2025-01-23,Hook,1991,https://boxd.it/29nQ
2025-01-23,Hawkeye,2021,https://boxd.it/xQqK
2025-01-23,Neighbors,2014,https://boxd.it/5Txe
2025-01-23,High Fidelity,2000,https://boxd.it/2aMW
2025-01-23,Puss in Boots,2011,https://boxd.it/eL34
2025-01-23,Forgetting Sarah Marshall,2008,https://boxd.it/1XEq
2025-01-23,The Karate Kid,2010,https://boxd.it/15HA
2025-01-23,The Dictator,2012,https://boxd.it/2DEW
2025-01-23,Bumblebee,2018,https://boxd.it/f21O
2025-01-23,Peter Pan,1953,https://boxd.it/1VCC
2025-01-23,Despicable Me 3,2017,https://boxd.it/azpu
2025-01-23,The Blues Brothers,1980,https://boxd.it/2adi
2025-01-23,Shazam! Fury of the Gods,2023,https://boxd.it/lV0S
2025-01-23,Ice Age: Dawn of the Dinosaurs,2009,https://boxd.it/20iC
2025-01-23,Grown Ups 2,2013,https://boxd.it/3GAq
2025-01-23,Dark Shadows,2012,https://boxd.it/bQ2
2025-01-23,The Good Dinosaur,2015,https://boxd.it/3AD4
2025-01-23,The Secret Life of Pets,2016,https://boxd.it/aJ5E
2025-01-23,Transformers: Rise of the Beasts,2023,https://boxd.it/oQTa
2025-01-23,Diary of a Wimpy Kid,2010,https://boxd.it/1fUa
2025-01-23,Werewolf by Night,2022,https://boxd.it/xMrO
2025-01-23,The Aristocats,1970,https://boxd.it/1X3Y
2025-01-23,The Grinch,2018,https://boxd.it/chpK
2025-01-23,Molly's Game,2017,https://boxd.it/dSl8
2025-01-23,Batman Forever,1995,https://boxd.it/2ara
2025-01-23,Dumb Money,2023,https://boxd.it/tNdU
2025-01-23,The Town,2010,https://boxd.it/1zyS
2025-01-23,Hellboy,2004,https://boxd.it/28HK
2025-01-23,Lemony Snicket's A Series of Unfortunate Events,2004,https://boxd.it/1T7s
2025-01-23,Mars Attacks!,1996,https://boxd.it/2bd4
2025-01-23,Transformers: Dark of the Moon,2011,https://boxd.it/16aC
2025-01-23,Aquaman and the Lost Kingdom,2023,https://boxd.it/l1LS
2025-01-23,The Muppets,2011,https://boxd.it/1zg
2025-01-23,Horrible Bosses,2011,https://boxd.it/Ba2
2025-01-23,Night at the Museum: Battle of the Smithsonian,2009,https://boxd.it/1H7U
2025-01-23,Neon Genesis Evangelion,1995,https://boxd.it/ptEI
2025-01-23,ParaNorman,2012,https://boxd.it/2FuY
2025-01-23,Pixels,2015,https://boxd.it/7BaA
2025-01-23,Scooby-Doo 2: Monsters Unleashed,2004,https://boxd.it/1UPA
2025-01-23,Warm Bodies,2013,https://boxd.it/2TFm
2025-01-23,The Chronicles of Narnia: Prince Caspian,2008,https://boxd.it/26Hy
2025-01-23,Chronicle,2012,https://boxd.it/2Emk
2025-01-23,Jackass Forever,2022,https://boxd.it/opUg
2025-01-23,A Knight's Tale,2001,https://boxd.it/1YAk
2025-01-23,Mulan,2020,https://boxd.it/bbK6
2025-01-23,Madagascar 3: Europe's Most Wanted,2012,https://boxd.it/2NF6
2025-01-23,Focus,2015,https://boxd.it/7zl2
2025-01-23,Dumbo,1941,https://boxd.it/1U2o
2025-01-23,Kingdom of Heaven,2005,https://boxd.it/28Gs
2025-01-23,Where the Wild Things Are,2009,https://boxd.it/1K0C
2025-01-23,Mortal Kombat,2021,https://boxd.it/gswA
2025-01-23,Bad Boys,1995,https://boxd.it/1XVG
2025-01-23,Sully,2016,https://boxd.it/cD8Q
2025-01-23,Monsters vs Aliens,2009,https://boxd.it/1M50
2025-01-23,Tag,2018,https://boxd.it/gh7Y
2025-01-23,Obi-Wan Kenobi,2022,https://boxd.it/yLBA
2025-01-23,Cowboy Bebop,1998,https://boxd.it/ptES
2025-01-23,Diary of a Wimpy Kid: Rodrick Rules,2011,https://boxd.it/gm2
2025-01-23,Hot Rod,2007,https://boxd.it/1X9C
2025-01-23,Ricky Stanicky,2024,https://boxd.it/CFjo
2025-01-23,Ted 2,2015,https://boxd.it/6oCY
2025-01-23,Idiocracy,2006,https://boxd.it/20RW
2025-01-23,Kick-Ass 2,2013,https://boxd.it/hqu
2025-01-23,The Boss Baby,2017,https://boxd.it/9mfO
2025-01-23,Bad Boys: Ride or Die,2024,https://boxd.it/l3Ki
2025-01-23,Into the Woods,2014,https://boxd.it/6DtW
2025-01-23,The Bad Guys,2022,https://boxd.it/nkg4
2025-01-23,Space Jam: A New Legacy,2021,https://boxd.it/dd9A
2025-01-23,A Christmas Carol,2009,https://boxd.it/1HKW
2025-01-23,Talladega Nights: The Ballad of Ricky Bobby,2006,https://boxd.it/1XYq
2025-01-23,Hotel Transylvania 2,2015,https://boxd.it/4ZLk
2025-01-23,The Penguin,2024,https://boxd.it/QkIU
2025-01-23,Murder Mystery 2,2023,https://boxd.it/nHOo
2025-01-23,Real Steel,2011,https://boxd.it/147m
2025-01-23,Baywatch,2017,https://boxd.it/biG6
2025-01-23,Christopher Robin,2018,https://boxd.it/eSj4
2025-01-23,Jarhead,2005,https://boxd.it/70m
2025-01-23,Zathura: A Space Adventure,2005,https://boxd.it/21mq
2025-01-23,Good Boys,2019,https://boxd.it/iW1G
2025-01-23,Coming to America,1988,https://boxd.it/1Ygu
2025-01-23,Spaceballs,1987,https://boxd.it/29cy
2025-01-23,The Mummy Returns,2001,https://boxd.it/28cs
2025-01-23,Ice Age: Continental Drift,2012,https://boxd.it/lQ2
2025-01-23,Euphoria: Trouble Don't Last Always,2020,https://boxd.it/ta4a
2025-01-23,Transformers: Age of Extinction,2014,https://boxd.it/3d1m
2025-01-23,Paul,2011,https://boxd.it/13uE
2025-01-23,1408,2007,https://boxd.it/25Vu
2025-01-23,Sky High,2005,https://boxd.it/1TNI
2025-01-23,The Book of Life,2014,https://boxd.it/6JKY
2025-01-23,Spy,2015,https://boxd.it/71Ks
2025-01-23,Maleficent: Mistress of Evil,2019,https://boxd.it/eSig
2025-01-23,Ghost Rider,2007,https://boxd.it/290M
2025-01-23,Wanted,2008,https://boxd.it/1ZBS
2025-01-23,Alice Through the Looking Glass,2016,https://boxd.it/75Yo
2025-01-23,Elysium,2013,https://boxd.it/2cBm
2025-01-23,Central Intelligence,2016,https://boxd.it/9DFE
2025-01-23,Trolls,2016,https://boxd.it/4p8Q
2025-01-23,The Girl Next Door,2004,https://boxd.it/1VSq
2025-01-23,The Last Airbender,2010,https://boxd.it/1WQK
2025-01-23,Rush Hour 2,2001,https://boxd.it/23ga
2025-01-23,3:10 to Yuma,2007,https://boxd.it/23g0
2025-01-23,Legend,2015,https://boxd.it/8qZY
2025-01-23,Lord of War,2005,https://boxd.it/284y
2025-01-23,Tomb Raider,2018,https://boxd.it/bgbA
2025-01-23,Fantastic Four,2015,https://boxd.it/5a9c
2025-01-23,9,2009,https://boxd.it/1Scm
2025-01-23,Stranger Than Fiction,2006,https://boxd.it/28Za
2025-01-23,Death Note,2006,https://boxd.it/psEs
2025-01-23,The Chronicles of Narnia: The Voyage of the Dawn Treader,2010,https://boxd.it/1WZs
2025-01-23,GoldenEye,1995,https://boxd.it/29KU
2025-01-23,Men in Black: International,2019,https://boxd.it/hdJw
2025-01-23,The Adventures of Sharkboy and Lavagirl,2005,https://boxd.it/1Ozm
2025-01-23,The Tomorrow War,2021,https://boxd.it/lE78
2025-01-23,Home,2015,https://boxd.it/6JxA
2025-01-23,Hoodwinked!,2005,https://boxd.it/1UVS
2025-01-23,Hellboy II: The Golden Army,2008,https://boxd.it/1Ug6
2025-01-23,Night at the Museum: Secret of the Tomb,2014,https://boxd.it/5x3m
2025-01-23,Euphoria: F*ck Anyone Who’s Not a Sea Blob,2021,https://boxd.it/tMkU
2025-01-23,Pearl Harbor,2001,https://boxd.it/29Q4
2025-01-23,Coach Carter,2005,https://boxd.it/218e
2025-01-23,Galaxy Quest,1999,https://boxd.it/29gq
2025-01-23,Transformers: The Last Knight,2017,https://boxd.it/b8xo
2025-01-23,Percy Jackson: Sea of Monsters,2013,https://boxd.it/2D8m
2025-01-23,Oz the Great and Powerful,2013,https://boxd.it/2cAI
2025-01-23,She-Hulk: Attorney at Law,2022,https://boxd.it/CjLK
2025-01-23,Paul Blart: Mall Cop,2009,https://boxd.it/1NQw
2025-01-23,Jackass: The Movie,2002,https://boxd.it/1Zo0
2025-01-23,Cheaper by the Dozen,2003,https://boxd.it/1USa
2025-01-23,Get Smart,2008,https://boxd.it/1Tig
2025-01-23,Daredevil,2003,https://boxd.it/1YzG
2025-01-23,Penguins of Madagascar,2014,https://boxd.it/89tc
2025-01-23,National Treasure: Book of Secrets,2007,https://boxd.it/21rq
2025-01-23,Snow White and the Huntsman,2012,https://boxd.it/k1M
2025-01-23,You People,2023,https://boxd.it/wJYe
2025-01-23,The Hitchhiker's Guide to the Galaxy,2005,https://boxd.it/20VE
2025-01-24,London Boulevard,2010,https://boxd.it/Hvg
2025-01-24,Phone Booth,2002,https://boxd.it/285G
2025-01-24,Sherlock: The Reichenbach Fall,2012,https://boxd.it/mwV2
2025-01-24,Steins;Gate,2011,https://boxd.it/psNE
2025-01-24,Cosmos,2014,https://boxd.it/J34E
2025-01-24,Good Omens,2019,https://boxd.it/jUOI
2025-01-24,Sherlock: A Study in Pink,2010,https://boxd.it/mueU
2025-01-24,ERASED,2016,https://boxd.it/px1A
2025-01-24,Devilman Crybaby,2018,https://boxd.it/muwa
2025-01-24,Nirvana: Unplugged In New York,1993,https://boxd.it/1G0e
2025-01-24,The Last Dance,2020,https://boxd.it/pVfc
2025-01-24,Hunter × Hunter Pilot,1998,https://boxd.it/lsoc
2025-01-24,Dopesick,2021,https://boxd.it/xqJm
2025-01-24,Black Bird,2022,https://boxd.it/BCSe
2025-01-25,Predestination,2014,https://boxd.it/6bJM
2025-01-25,Mr. Right,2015,https://boxd.it/aZkK
2025-01-25,War on Everyone,2016,https://boxd.it/aZXW
2025-01-25,Jobs,2013,https://boxd.it/3RcY
2025-01-25,The Visitors,1993,https://boxd.it/1TeI
2025-01-25,The Dinner Game,1998,https://boxd.it/1YJ2
2025-01-25,The Hustle,2019,https://boxd.it/g1ju
2025-01-25,Coming 2 America,2021,https://boxd.it/hrdu
2025-01-25,Game Night,2018,https://boxd.it/fRtu
2025-01-25,The Hangover Part III,2013,https://boxd.it/3GNY
2025-01-25,Oldboy,2003,https://boxd.it/29R2
2025-01-26,Casino,1995,https://boxd.it/2ads
2025-01-26,Popstar: Never Stop Never Stopping,2016,https://boxd.it/blDa
2025-01-26,Get Him to the Greek,2010,https://boxd.it/1gyk
2025-01-26,Tenacious D in The Pick of Destiny,2006,https://boxd.it/27go
2025-01-26,Project X,2012,https://boxd.it/neO
2025-01-27,The Disaster Artist,2017,https://boxd.it/cTqc
2025-01-27,Trainspotting,1996,https://boxd.it/29XY
2025-01-27,Parasite,2019,https://boxd.it/hTha
2025-01-27,Oldboy,2013,https://boxd.it/35AS
2025-01-27,Leatherheads,2008,https://boxd.it/23C6
2025-01-28,Rise,2022,https://boxd.it/svMU
2025-01-28,Superman Returns,2006,https://boxd.it/28J2
2025-01-28,G.I. Joe: The Rise of Cobra,2009,https://boxd.it/1Ndu
2025-01-28,Teenage Mutant Ninja Turtles,2014,https://boxd.it/3oAs
2025-01-28,RoboCop,2014,https://boxd.it/3m4k
2025-01-28,Gemini Man,2019,https://boxd.it/gaUu
2025-01-28,G.I. Joe: Retaliation,2013,https://boxd.it/2o6A
2025-01-28,The Losers,2010,https://boxd.it/1ddo
2025-01-28,The A-Team,2010,https://boxd.it/1dHS
2025-01-28,Taken 3,2014,https://boxd.it/7Iqq
2025-01-28,Taken 2,2012,https://boxd.it/2TWi
2025-01-28,Bad Boys II,2003,https://boxd.it/1ZuW
2025-01-28,Stuber,2019,https://boxd.it/izHE
2025-01-28,Shaft,2019,https://boxd.it/htPq
2025-01-28,Charlie's Angels,2019,https://boxd.it/gogo
2025-01-28,RED,2010,https://boxd.it/13uu
2025-01-28,RED 2,2013,https://boxd.it/4E4E
2025-01-28,The Boondock Saints,1999,https://boxd.it/20gw
2025-01-29,Long Shot,2019,https://boxd.it/grG0
2025-01-29,Neighbors 2: Sorority Rising,2016,https://boxd.it/aA80
2025-01-29,Pam & Tommy,2022,https://boxd.it/yMAy
2025-01-29,Fanboys,2009,https://boxd.it/1PXY
2025-01-29,Road House,1989,https://boxd.it/1X0g
2025-01-29,After Earth,2013,https://boxd.it/2TSg
2025-01-29,The Chronicles of Riddick,2004,https://boxd.it/26iy
2025-01-29,Jupiter Ascending,2015,https://boxd.it/2Evm
2025-01-29,Rebel Moon – Part Two: The Scargiver,2024,https://boxd.it/zdta
2025-01-29,Independence Day: Resurgence,2016,https://boxd.it/JwK
2025-01-29,Ahsoka,2023,https://boxd.it/IhEE
2025-01-29,The Book of Boba Fett,2021,https://boxd.it/Damy
2025-01-29,Le Gendarme de Saint-Tropez,1964,https://boxd.it/23Uk
2025-01-29,The Gendarme in New York,1965,https://boxd.it/23Ua
2025-01-29,The Gendarme and the Creatures from Outer Space,1979,https://boxd.it/1W4w
2025-01-29,The Gendarme and the Gendarmettes,1982,https://boxd.it/1SMu
2025-01-29,The Gendarme Gets Married,1968,https://boxd.it/23U0
2025-01-29,The Gendarme Takes Off,1970,https://boxd.it/1SMO
2025-01-29,Johnny English,2003,https://boxd.it/1YyI
2025-01-29,Johnny English Reborn,2011,https://boxd.it/kQq
2025-01-29,Johnny English Strikes Again,2018,https://boxd.it/gzGW
2025-01-29,MacGruber,2010,https://boxd.it/17ay
2025-01-29,Rush Hour 3,2007,https://boxd.it/23gk
2025-01-29,I Spy,2002,https://boxd.it/20aS
2025-01-29,Superhero Movie,2008,https://boxd.it/1SM0
2025-01-29,The Master of Disguise,2002,https://boxd.it/1Pai
2025-01-29,A Million Ways to Die in the West,2014,https://boxd.it/5H9k
2025-01-29,Land of the Lost,2009,https://boxd.it/1Htc
2025-01-29,The Watch,2012,https://boxd.it/2MZk
2025-01-29,Teenage Mutant Ninja Turtles: Out of the Shadows,2016,https://boxd.it/9T2e
2025-01-29,Pacific Rim: Uprising,2018,https://boxd.it/83Qa
2025-01-30,Artemis Fowl,2020,https://boxd.it/h3Vs
2025-01-30,Movie 43,2013,https://boxd.it/37qK
2025-01-30,Max Steel,2016,https://boxd.it/8T5A
2025-02-02,Paint Drying,2016,https://boxd.it/UYIe
2025-02-09,Safety Not Guaranteed,2012,https://boxd.it/2Y3M
2025-02-16,Zoolander,2001,https://boxd.it/1YMA
2025-02-16,Sunshine,2007,https://boxd.it/28Xy
2025-02-16,Attack the Block,2011,https://boxd.it/hFO
2025-02-16,The Bourne Ultimatum,2007,https://boxd.it/26Eu
2025-02-16,The Bourne Identity,2002,https://boxd.it/26EO
2025-02-16,The Bourne Supremacy,2004,https://boxd.it/26EE
2025-02-16,Shaun of the Dead,2004,https://boxd.it/29J8
2025-02-17,Three Kings,1999,https://boxd.it/21IG
2025-02-17,The Jackal,1997,https://boxd.it/23MA
2025-02-17,The Machinist,2004,https://boxd.it/248c
2025-02-18,La Haine,1995,https://boxd.it/2as8
2025-02-19,DC League of Super-Pets,2022,https://boxd.it/jFTI
2025-02-19,The Secret Life of Pets 2,2019,https://boxd.it/ewPM
2025-02-19,Lift,2024,https://boxd.it/A5s6
2025-02-19,Get Hard,2015,https://boxd.it/7Axe
2025-02-19,The Upside,2017,https://boxd.it/fEPM
2025-02-19,Die Hart,2023,https://boxd.it/EKzq
2025-02-19,Jumper,2008,https://boxd.it/20ss
2025-02-19,Beckham,2023,https://boxd.it/J31g
2025-02-19,The Way Back,2020,https://boxd.it/jfoO
2025-02-19,Eddie the Eagle,2015,https://boxd.it/amAY
2025-02-19,Draft Day,2014,https://boxd.it/61XO
2025-02-19,King Richard,2021,https://boxd.it/mJZ2
2025-02-19,Requiem for a Dream,2000,https://boxd.it/29VI
2025-02-21,TMNT,2007,https://boxd.it/28Xo
2025-02-21,Scoob!,2020,https://boxd.it/dqh8
2025-02-21,Epic,2013,https://boxd.it/3SNm
2025-02-21,Strange World,2022,https://boxd.it/x6Li
2025-02-21,The Boxtrolls,2014,https://boxd.it/5grw
2025-02-21,The Ant Bully,2006,https://boxd.it/1XyM
2025-02-21,Teen Titans Go! To the Movies,2018,https://boxd.it/h13o
2025-02-21,Spies in Disguise,2019,https://boxd.it/fjf4
2025-02-21,The Angry Birds Movie,2016,https://boxd.it/4PBu
2025-02-21,The Angry Birds Movie 2,2019,https://boxd.it/gdL6
2025-02-21,Missing Link,2019,https://boxd.it/gn0O
2025-02-23,The Breakfast Club,1985,https://boxd.it/27q4
2025-02-27,Late Night with the Devil,2023,https://boxd.it/zo6G
2025-03-03,Birdman or (The Unexpected Virtue of Ignorance),2014,https://boxd.it/5RFA
2025-03-03,Ron's Gone Wrong,2021,https://boxd.it/hlj2
2025-03-03,My Spy,2020,https://boxd.it/lPHG
2025-03-03,Dora and the Lost City of Gold,2019,https://boxd.it/i1VW
2025-03-03,Abominable,2019,https://boxd.it/fiPq
2025-03-03,The War with Grandpa,2020,https://boxd.it/f2jy
2025-03-03,Dark City,1998,https://boxd.it/26uk
2025-03-08,Demolition,2015,https://boxd.it/9GuY
2025-03-08,Juno,2007,https://boxd.it/210a
2025-03-09,K-PAX,2001,https://boxd.it/2aYo
2025-03-11,Killer Joe,2011,https://boxd.it/2vtQ
2025-03-12,Once Upon a Time... in Hollywood,2019,https://boxd.it/gH0O
2025-03-14,American History X,1998,https://boxd.it/2bdo
2025-03-18,Captain America: Brave New World,2025,https://boxd.it/uYDm
2025-03-18,A Beautiful Mind,2001,https://boxd.it/2amk
2025-03-18,Fierce People,2005,https://boxd.it/1ETm
2025-03-19,The Burial,2023,https://boxd.it/sFPO
2025-03-29,Youth in Revolt,2009,https://boxd.it/1AK6
2025-03-29,Platoon,1986,https://boxd.it/29BS
2025-03-29,Primer,2004,https://boxd.it/6YA
2025-03-30,That's My Boy,2012,https://boxd.it/35IW
2025-03-30,Blockers,2018,https://boxd.it/fxEW
2025-03-30,National Lampoon's Van Wilder,2002,https://boxd.it/1TOQ
2025-03-30,Bad Words,2013,https://boxd.it/6g1A
2025-03-31,Nacho Libre,2006,https://boxd.it/1YTG
2025-03-31,Collateral Beauty,2016,https://boxd.it/bAIu
2025-03-31,Secret Invasion,2023,https://boxd.it/HcqU
2025-04-01,1917,2019,https://boxd.it/jj4y
2025-04-01,American Beauty,1999,https://boxd.it/71Y
2025-04-06,Charlie Bartlett,2007,https://boxd.it/1ZY8
2025-04-06,"""Sr.""",2022,https://boxd.it/Cjym
2025-04-06,The Judge,2014,https://boxd.it/6aiU
2025-04-08,Saturday Night,2024,https://boxd.it/Gpfo
2025-04-19,The Change-Up,2011,https://boxd.it/FRu
2025-04-19,Fighting with My Family,2019,https://boxd.it/fRyO
2025-04-19,Cemetery Junction,2010,https://boxd.it/19MY
2025-04-20,This Is Where I Leave You,2014,https://boxd.it/73kQ
2025-04-20,GoodFellas,1990,https://boxd.it/29FA
2025-04-20,Alpha Dog,2006,https://boxd.it/20Va
2025-04-21,Green Room,2015,https://boxd.it/a75m
2025-04-22,The Internship,2013,https://boxd.it/3SWS
2025-04-22,Old School,2003,https://boxd.it/1TmM
2025-04-22,The Wedding Ringer,2015,https://boxd.it/7pEe
2025-04-22,We're the Millers,2013,https://boxd.it/4srQ
2025-04-22,Strays,2023,https://boxd.it/ynGQ
2025-04-22,Vacation,2015,https://boxd.it/9n9M
2025-06-04,Schindler's List,1993,https://boxd.it/2aq2
2025-06-04,Poison,2023,https://boxd.it/Is7Q
2025-06-04,Lucky Number Slevin,2006,https://boxd.it/2aVu
2025-06-04,The Wonderful Story of Henry Sugar and Three More,2024,https://boxd.it/LYEy
2025-06-15,There Will Be Blood,2007,https://boxd.it/20Z2
2025-06-24,Palm Springs,2020,https://boxd.it/lCXQ
2025-06-25,Bill & Ted's Excellent Adventure,1989,https://boxd.it/28oI
2025-06-26,Four Brothers,2005,https://boxd.it/20o6
2025-07-07,Thunderbolts*,2025,https://boxd.it/BfbQ
2025-07-09,Nick and Norah's Infinite Playlist,2008,https://boxd.it/1Slo
2025-07-10,Waiting...,2005,https://boxd.it/20Pw
2025-07-10,Heads of State,2025,https://boxd.it/s9tG
2025-07-10,Jerry Maguire,1996,https://boxd.it/1YNS
2025-07-12,Zack and Miri Make a Porno,2008,https://boxd.it/1WsI
2025-07-13,Employee of the Month,2006,https://boxd.it/1XNi
2025-07-14,Chef,2014,https://boxd.it/6lCG
2025-07-14,American Pie 2,2001,https://boxd.it/26kO
2025-07-14,Superman,2025,https://boxd.it/E9IU
2025-07-15,F1,2025,https://boxd.it/yjVM
2025-07-17,Mickey 17,2025,https://boxd.it/q1Dk
2025-07-17,Knocked Up,2007,https://boxd.it/23yS
2025-07-17,Uncle Drew,2018,https://boxd.it/h0ZQ
2025-07-17,Deep Cover,2025,https://boxd.it/L6ec
2025-07-18,Good Luck Chuck,2007,https://boxd.it/1Xg4
2025-07-19,Mary and The Witch's Flower,2017,https://boxd.it/ffTY
2025-07-19,Harold & Kumar Go to White Castle,2004,https://boxd.it/1Ueu
2025-07-19,Jay and Silent Bob Strike Back,2001,https://boxd.it/26ZM
2025-07-19,Zoom,2006,https://boxd.it/1OKa
2025-07-19,A Monster in Paris,2011,https://boxd.it/2Ghc
2025-07-19,Sherlock Gnomes,2018,https://boxd.it/cQXM
2025-07-19,Gnomeo & Juliet,2011,https://boxd.it/OKi
2025-07-19,Storks,2016,https://boxd.it/aUo8
2025-07-19,The SpongeBob Movie: Sponge Out of Water,2015,https://boxd.it/6JxU
2025-07-19,The Peanuts Movie,2015,https://boxd.it/6Jci
2025-07-23,LEGO Batman: The Movie - DC Super Heroes Unite,2013,https://boxd.it/5qUy
2025-07-28,The Accountant,2016,https://boxd.it/9EhI
2025-07-28,8 Mile,2002,https://boxd.it/2bew
2025-07-28,Logan Lucky,2017,https://boxd.it/dZrs
2025-07-28,The Big Lebowski,1998,https://boxd.it/2b6C
2025-07-29,Sinners,2025,https://boxd.it/KQMM
2025-07-31,Happy Gilmore,1996,https://boxd.it/1Yey
2025-07-31,Happy Gilmore 2,2025,https://boxd.it/M8PQ
2025-07-31,"Girl, Interrupted",1999,https://boxd.it/25ds
2025-08-01,Mulholland Drive,2001,https://boxd.it/297o
2025-08-01,War Dogs,2016,https://boxd.it/9SlO
2025-08-01,Rat Race,2001,https://boxd.it/1XAo
2025-08-01,Black Bag,2025,https://boxd.it/KRbM
2025-08-02,Eternal Sunshine of the Spotless Mind,2004,https://boxd.it/6YK
2025-08-03,Mr. & Mrs. Smith,2005,https://boxd.it/29CG
2025-08-03,The Talented Mr. Ripley,1999,https://boxd.it/2924
2025-08-04,Apocalypse Now,1979,https://boxd.it/6ZS
2025-08-04,Hotel Transylvania 3: Summer Vacation,2018,https://boxd.it/e1zI
2025-08-04,The Longest Yard,2005,https://boxd.it/1Z3c
2025-08-04,The Wedding Singer,1998,https://boxd.it/1USO
2025-08-04,The Accountant²,2025,https://boxd.it/wOm0
2025-08-04,DodgeBall: A True Underdog Story,2004,https://boxd.it/1YAY
2025-08-04,Beerfest,2006,https://boxd.it/1XmG
2025-08-04,Boogie Nights,1997,https://boxd.it/23um
2025-08-04,Café Society,2016,https://boxd.it/bhEy
2025-08-05,Dead Poets Society,1989,https://boxd.it/2aSg
2025-08-05,"I Love You, Man",2009,https://boxd.it/1JZu
2025-08-05,Triple Frontier,2019,https://boxd.it/dZUO
2025-08-05,Burnt,2015,https://boxd.it/9mVg
2025-08-06,Election,1999,https://boxd.it/1YEc
2025-08-06,The Amateur,2025,https://boxd.it/F9NW
2025-08-06,Just Friends,2005,https://boxd.it/1XfA
2025-08-06,Road Trip,2000,https://boxd.it/1Z4a
2025-08-06,Sex Drive,2008,https://boxd.it/1PZg
2025-08-06,Accepted,2006,https://boxd.it/1XO6
2025-08-06,Orange County,2002,https://boxd.it/1SVc
2025-08-07,Blue Velvet,1986,https://boxd.it/29BI
2025-08-09,The Phoenician Scheme,2025,https://boxd.it/H0Ca
2025-08-09,Hot Tub Time Machine 2,2015,https://boxd.it/7anM
2025-08-09,Mallrats,1995,https://boxd.it/26ZW
2025-08-10,No Country for Old Men,2007,https://boxd.it/21ew
2025-08-10,Dirty Grandpa,2016,https://boxd.it/99pG
2025-08-10,Swingers,1996,https://boxd.it/1WNc
2025-08-10,Chasing Amy,1997,https://boxd.it/274W
2025-08-10,Drive,2011,https://boxd.it/IG
2025-08-13,Taxi Driver,1976,https://boxd.it/2b8y
2025-08-13,The Ides of March,2011,https://boxd.it/1WyG
2025-08-14,Blue Streak,1999,https://boxd.it/1UT8
2025-08-20,Come and See,1985,https://boxd.it/1w9q
2025-08-21,Midnight in Paris,2011,https://boxd.it/i4a
2025-08-22,Lucy,2014,https://boxd.it/75hu
2025-08-24,Eyes Wide Shut,1999,https://boxd.it/2axs
2025-08-25,Lost in Translation,2003,https://boxd.it/2b0E
2025-08-25,Dogma,1999,https://boxd.it/284e
2025-08-27,Source Code,2011,https://boxd.it/fdo
2025-08-29,The Lost Boys,1987,https://boxd.it/28DI
2025-08-29,The Pickup,2025,https://boxd.it/FR5u
2025-09-01,The Ring,2002,https://boxd.it/2a70
2025-09-01,The Ring Two,2005,https://boxd.it/1Wy2
2025-09-14,Nightcrawler,2014,https://boxd.it/780m
2025-09-14,The Benchwarmers,2006,https://boxd.it/1Xr2
2025-09-20,The Hills Have Eyes,2006,https://boxd.it/1XNC
2025-09-21,Shooter,2007,https://boxd.it/20TS
2025-09-21,Looper,2012,https://boxd.it/ham
